{"cameraMode":{"drawMode":0,"name":"Shaded","section":"Shading Mode"},"sceneLighting":true,"audioPlay":false,"sceneViewState":{"showFog":true,"showMaterialUpdate":false,"showSkybox":true,"showFlares":true,"showImageEffects":true,"showParticleSystems":true},"in2DMode":false,"pivot":{"x":-4.7951483726501469,"y":-0.358701229095459,"z":0.8831567764282227},"rotation":{"x":-0.06624013185501099,"y":0.9177125692367554,"z":-0.17298468947410584,"w":-0.35141462087631228},"size":13.649530410766602,"orthographic":false}