{"cameraMode":{"drawMode":0,"name":"Shaded","section":"Shading Mode"},"sceneLighting":true,"audioPlay":false,"sceneViewState":{"showFog":true,"showMaterialUpdate":false,"showSkybox":true,"showFlares":true,"showImageEffects":true,"showParticleSystems":true},"in2DMode":false,"pivot":{"x":0.06234264373779297,"y":2.99330735206604,"z":0.6789216995239258},"rotation":{"x":0.03171861916780472,"y":0.8700332045555115,"z":-0.056465718895196918,"w":0.4887206256389618},"size":12.447601318359375,"orthographic":false}