{"cameraMode":{"drawMode":0,"name":"Shaded","section":"Shading Mode"},"sceneLighting":false,"audioPlay":false,"sceneViewState":{"showFog":true,"showMaterialUpdate":false,"showSkybox":true,"showFlares":true,"showImageEffects":true,"showParticleSystems":true},"in2DMode":false,"pivot":{"x":-1.6684937477111817,"y":1.259431004524231,"z":0.9672856330871582},"rotation":{"x":0.031775232404470447,"y":0.9587193131446838,"z":-0.11882221698760987,"w":0.2563765048980713},"size":12.862631797790528,"orthographic":false}