{"cameraMode":{"drawMode":0,"name":"Shaded","section":"Shading Mode"},"sceneLighting":true,"audioPlay":false,"sceneViewState":{"showFog":true,"showMaterialUpdate":false,"showSkybox":true,"showFlares":true,"showImageEffects":true,"showParticleSystems":true},"in2DMode":false,"pivot":{"x":-1.1400902271270753,"y":-0.5157833099365234,"z":-1.0446031093597413},"rotation":{"x":0.15076309442520142,"y":-0.849109947681427,"z":0.34993088245391848,"w":0.36582955718040469},"size":4.653805255889893,"orthographic":false}